country,iso_code,date,total_vaccinations,people_vaccinated,people_fully_vaccinated,daily_vaccinations_raw,daily_vaccinations,total_vaccinations_per_hundred,people_vaccinated_per_hundred,people_fully_vaccinated_per_hundred,daily_vaccinations_per_million,vaccines,source_name,source_website,month_year,year
Afghanistan,AFG,2022-03-22,5751015.0,5082824.0,4420127.0,6868.0,6319.0,14.44,12.76,11.1,159.0,"Johnson&Johnson, Oxford/AstraZeneca, Pfizer/BioNTech, Sinopharm/Beijing",World Health Organization,https://covid19.who.int/,2022-03,2022
Albania,ALB,2022-03-24,2754244.0,1278902.0,1215199.0,2541.0,1821.0,95.87,44.52,42.3,634.0,"Oxford/AstraZeneca, Pfizer/BioNTech, Sinovac, Sputnik V",Ministry of Health,https://shendetesia.gov.al/vaksinimi-anticovid-2754244-vaksinime/,2022-03,2022
Algeria,DZA,2022-03-09,13704895.0,7461932.0,6110712.0,147230.0,4307.0,30.72,16.72,13.7,97.0,"Oxford/AstraZeneca, Sinopharm/Beijing, Sinovac, Sputnik V",World Health Organization,https://covid19.who.int/,2022-03,2022
Andorra,AND,2022-03-13,151997.0,57817.0,53367.0,1973.0,34.0,196.5,74.74,68.99,440.0,"Moderna, Oxford/AstraZeneca, Pfizer/BioNTech",World Health Organization,https://covid19.who.int/,2022-03,2022
Angola,AGO,2022-03-25,17535411.0,11235059.0,5993792.0,,34171.0,51.68,33.11,17.66,1007.0,Oxford/AstraZeneca,World Health Organization,https://covid19.who.int/,2022-03,2022
Anguilla,AIA,2022-03-25,22714.0,10572.0,9624.0,1421.0,11.0,150.18,69.9,63.63,727.0,"Oxford/AstraZeneca, Pfizer/BioNTech",World Health Organization,https://covid19.who.int/,2022-03,2022
Antigua and Barbuda,ATG,2022-03-14,125386.0,63836.0,61550.0,305.0,27.0,127.0,64.66,62.34,273.0,"Oxford/AstraZeneca, Pfizer/BioNTech, Sputnik V",Ministry of Health,https://covid19.gov.ag,2022-03,2022
Argentina,ARG,2022-03-29,96504666.0,40907186.0,36924451.0,0.0,54723.0,211.61,89.7,80.96,1200.0,"CanSino, Moderna, Oxford/AstraZeneca, Pfizer/BioNTech, Sinopharm/Beijing, Sputnik V",Ministry of Health,https://covidstats.com.ar/,2022-03,2022
Armenia,ARM,2022-03-13,2088962.0,1113472.0,948778.0,,3310.0,70.38,37.51,31.97,1115.0,"Moderna, Oxford/AstraZeneca, Sinopharm/Beijing, Sinovac, Sputnik V",World Health Organization,https://covid19.who.int/,2022-03,2022
Aruba,ABW,2022-03-29,169231.0,87884.0,81347.0,100.0,77.0,157.87,81.99,75.89,718.0,Pfizer/BioNTech,Government of Aruba,https://www.government.aw,2022-03,2022
Australia,AUS,2022-03-29,56242913.0,22202366.0,21200432.0,63598.0,65688.0,218.1,86.1,82.21,2547.0,"Moderna, Oxford/AstraZeneca, Pfizer/BioNTech",Government of Australia via CovidBaseAU,https://covidbaseau.com/,2022-03,2022
Austria,AUT,2022-03-25,18131115.0,6812569.0,6588761.0,,1401.0,200.5,75.33,72.86,155.0,"Johnson&Johnson, Moderna, Novavax, Oxford/AstraZeneca, Pfizer/BioNTech",Ministry of Health,https://www.ecdc.europa.eu/en/publications-data/data-covid-19-vaccination-eu-eea,2022-03,2022
Azerbaijan,AZE,2022-03-29,13425032.0,5322427.0,4821276.0,18957.0,8064.0,131.32,52.06,47.16,789.0,"Oxford/AstraZeneca, Pfizer/BioNTech, Sinovac, Sputnik V",Government of Azerbaijan,https://koronavirusinfo.az,2022-03,2022
Bahamas,BHS,2022-03-25,334155.0,164961.0,156089.0,6771.0,178.0,84.19,41.56,39.33,448.0,"Johnson&Johnson, Oxford/AstraZeneca, Pfizer/BioNTech",Pan American Health Organization,https://ais.paho.org/imm/IM_DosisAdmin-Vacunacion.asp,2022-03,2022
Bahrain,BHR,2022-03-23,3421273.0,1232740.0,1216033.0,1704.0,525.0,195.69,70.51,69.56,300.0,"Johnson&Johnson, Moderna, Oxford/AstraZeneca, Pfizer/BioNTech, Sinopharm/Beijing, Sputnik Light, Sputnik V",Ministry of Health,https://covid19.who.int/,2022-03,2022
Bangladesh,BGD,2022-03-29,243642749.0,127544055.0,107712737.0,5183737.0,2411925.0,146.5,76.69,64.77,14503.0,"Johnson&Johnson, Moderna, Oxford/AstraZeneca, Pfizer/BioNTech, Sinopharm/Beijing, Sinovac",Directorate General of Health Services,http://103.247.238.92/webportal/pages/covid19-vaccination-update.php,2022-03,2022
Barbados,BRB,2022-03-28,312145.0,161076.0,151069.0,51.0,91.0,108.49,55.99,52.51,316.0,"Oxford/AstraZeneca, Pfizer/BioNTech, Sinopharm/Beijing",Ministry of Health,https://gisbarbados.gov.bb/blog/covid-19-update-for-monday-march-28/,2022-03,2022
Belarus,BLR,2022-03-20,11634483.0,5801653.0,5565214.0,,41968.0,123.21,61.44,58.94,4444.0,"Sinopharm/Beijing, Sputnik V",World Health Organization,https://covid19.who.int/,2022-03,2022
Belgium,BEL,2022-03-26,25235826.0,9230428.0,9126319.0,4815.0,4225.0,216.95,79.35,78.46,363.0,"Johnson&Johnson, Moderna, Oxford/AstraZeneca, Pfizer/BioNTech",Sciensano,https://epistat.wiv-isp.be/covid/,2022-03,2022
Belize,BLZ,2022-03-25,467251.0,236015.0,209156.0,5470.0,283.0,115.39,58.29,51.65,699.0,"Johnson&Johnson, Oxford/AstraZeneca, Pfizer/BioNTech, Sinopharm/Beijing",World Health Organization,https://ais.paho.org/imm/IM_DosisAdmin-Vacunacion.asp,2022-03,2022
Benin,BEN,2022-03-22,3333450.0,2955274.0,2430934.0,,19501.0,26.77,23.74,19.52,1566.0,"Johnson&Johnson, Oxford/AstraZeneca, Pfizer/BioNTech, Sinovac",Ministry of Health,https://covid19.who.int/,2022-03,2022
Bermuda,BMU,2022-03-25,127090.0,48196.0,46699.0,,90.0,204.68,77.62,75.21,1449.0,"Oxford/AstraZeneca, Pfizer/BioNTech",Pan American Health Organization,https://ais.paho.org/imm/IM_DosisAdmin-Vacunacion.asp,2022-03,2022
Bhutan,BTN,2022-03-20,1787937.0,687549.0,579640.0,414.0,7094.0,229.25,88.16,74.32,9096.0,"Moderna, Oxford/AstraZeneca, Pfizer/BioNTech, Sinopharm/Beijing",World Health Organization,https://covid19.who.int/,2022-03,2022
Bolivia,BOL,2022-03-20,12972370.0,7043449.0,5747856.0,31145.0,22705.0,109.63,59.52,48.58,1919.0,"Johnson&Johnson, Oxford/AstraZeneca, Pfizer/BioNTech, Sinopharm/Beijing, Sputnik V",Ministry of Health via https://www.boligrafica.com/,https://github.com/dquintani/vacunacion/,2022-03,2022
Bonaire Sint Eustatius and Saba,BES,2021-09-01,35845.0,19109.0,16736.0,,196.0,135.55,72.26,63.29,7412.0,"Moderna, Pfizer/BioNTech",World Health Organization,https://www.rivm.nl/sites/default/files/2021-09/COVID-19_website_rapport_eilanden_engels_35_20210902_1409.pdf,2021-09,2021
Bosnia and Herzegovina,BIH,2022-01-29,1924950.0,943394.0,846080.0,66884.0,4315.0,58.98,28.91,25.93,1322.0,"Oxford/AstraZeneca, Pfizer/BioNTech, Sinovac, Sputnik V",World Health Organization,https://covid19.who.int/,2022-01,2022
Botswana,BWA,2022-03-21,2517260.0,1454775.0,1292541.0,10435.0,133983.0,105.01,60.69,53.92,55891.0,"Covaxin, Johnson&Johnson, Moderna, Oxford/AstraZeneca, Pfizer/BioNTech, Sinovac",Africa Centres for Disease Control and Prevention,https://covid19.who.int/,2022-03,2022
Brazil,BRA,2022-03-29,413559595.0,181078067.0,160272858.0,1382570.0,656803.0,193.26,84.62,74.9,3069.0,"Johnson&Johnson, Oxford/AstraZeneca, Pfizer/BioNTech, Sinovac",State governments via coronavirusbra1.github.io,https://coronavirusbra1.github.io,2022-03,2022
British Virgin Islands,VGB,2022-03-25,40537.0,19165.0,17646.0,,265.0,133.24,63.0,58.0,8711.0,"Johnson&Johnson, Oxford/AstraZeneca",World Health Organization,https://covid19.who.int/,2022-03,2022
Brunei,BRN,2022-03-18,1068468.0,407945.0,404935.0,3827.0,946.0,241.99,92.39,91.71,2143.0,"Johnson&Johnson, Moderna, Oxford/AstraZeneca, Pfizer/BioNTech, Sinopharm/Beijing",World Health Organization,https://covid19.who.int/,2022-03,2022
Bulgaria,BGR,2022-03-29,4348404.0,0.0,2049909.0,1845.0,1395.0,63.05,30.18,29.72,202.0,"Johnson&Johnson, Moderna, Oxford/AstraZeneca, Pfizer/BioNTech",Ministry of Health,https://coronavirus.bg/bg/statistika,2022-03,2022
Burkina Faso,BFA,2022-03-20,2369487.0,2131880.0,1188545.0,,2527.0,11.02,9.92,5.53,118.0,"Johnson&Johnson, Oxford/AstraZeneca, Sinopharm/Beijing",World Health Organization,https://covid19.who.int/,2022-03,2022
Burundi,BDI,2022-03-18,12166.0,10372.0,9906.0,93.0,50.0,0.1,0.08,0.08,4.0,Sinopharm/Beijing,World Health Organization,https://covid19.who.int/,2022-03,2022
Cambodia,KHM,2022-03-28,36819740.0,14814942.0,13989488.0,43283.0,36055.0,217.27,87.42,82.55,2128.0,"Johnson&Johnson, Oxford/AstraZeneca, Sinopharm/Beijing, Sinovac",Ministry of Health,https://web.facebook.com/MinistryofHealthofCambodia/posts/341471994676237,2022-03,2022
Cameroon,CMR,2022-03-21,1558668.0,1348787.0,1048664.0,9890.0,23800.0,5.73,4.95,3.85,874.0,"Johnson&Johnson, Oxford/AstraZeneca, Pfizer/BioNTech, Sinopharm/Beijing",World Health Organization,https://covid19.who.int/,2022-03,2022
Canada,CAN,2022-03-28,82076782.0,32665747.0,31149796.0,24678.0,24421.0,215.61,85.81,81.83,642.0,"Johnson&Johnson, Moderna, Oxford/AstraZeneca, Pfizer/BioNTech",Official data from provinces via covid19tracker.ca,https://covid19tracker.ca/vaccinationtracker.html,2022-03,2022
Cape Verde,CPV,2022-03-26,728077.0,354533.0,306782.0,4461.0,412.0,129.57,63.1,54.6,733.0,"Moderna, Oxford/AstraZeneca, Pfizer/BioNTech, Sinopharm/Beijing",World Health Organization,https://covid19.who.int/,2022-03,2022
Cayman Islands,CYM,2022-03-25,141118.0,60364.0,58385.0,226.0,62.0,212.21,90.78,87.8,932.0,"Oxford/AstraZeneca, Pfizer/BioNTech",World Health Organization,https://covid19.who.int/,2022-03,2022
Central African Republic,CAF,2022-03-25,1012846.0,923553.0,897945.0,12887.0,3146.0,20.59,18.77,18.25,639.0,"Covaxin, Oxford/AstraZeneca",Africa Centres for Disease Control and Prevention,https://covid19.who.int/,2022-03,2022
Chad,TCD,2022-03-18,419469.0,282003.0,153238.0,,202.0,2.48,1.67,0.91,12.0,Sinopharm/Beijing,Africa Centres for Disease Control and Prevention,https://covid19.who.int/,2022-03,2022
Chile,CHL,2022-03-22,50302179.0,17859475.0,17346012.0,51383.0,55317.0,261.82,92.96,90.29,2879.0,"CanSino, Oxford/AstraZeneca, Pfizer/BioNTech, Sinovac","Ministry of Health, via Ministry of Science GitHub repository",https://github.com/MinCiencia/Datos-COVID19,2022-03,2022
China,CHN,2022-03-29,3263129000.0,0.0,0.0,4087000.0,4075429.0,225.94,88.32,85.91,2822.0,"CanSino, Sinopharm/Beijing, Sinopharm/Wuhan, Sinovac, ZF2001",National Health Commission,http://www.nhc.gov.cn/jkj/s7915/202203/d81d339daf694f97952f10d9d8604143.shtml,2022-03,2022
Colombia,COL,2022-03-27,80573164.0,41940039.0,34730020.0,41567.0,116273.0,157.17,81.81,67.74,2268.0,"Johnson&Johnson, Moderna, Oxford/AstraZeneca, Pfizer/BioNTech, Sinovac",Ministry of Health,https://docs.google.com/spreadsheets/d/1eblBeozGn1soDGXbOIicwyEDkUqNMzzpJoAKw84TTA4,2022-03,2022
Comoros,COM,2022-03-21,637961.0,341102.0,301218.0,,0.0,71.81,38.39,33.9,0.0,"Covaxin, Oxford/AstraZeneca, Sinopharm/Beijing",World Health Organization,https://covid19.who.int/,2022-03,2022
Congo,COG,2022-03-23,818931.0,681597.0,640464.0,1486.0,84.0,14.48,12.05,11.32,15.0,"Moderna, Oxford/AstraZeneca, Sinopharm/Beijing, Sputnik V",Africa Centres for Disease Control and Prevention,https://covid19.who.int/,2022-03,2022
Cook Islands,COK,2022-03-28,29565.0,14992.0,14573.0,,34.0,168.25,85.32,82.93,1935.0,Pfizer/BioNTech,SPC Public Health Division,https://stats.pacificdata.org/vis?tm=covid&pg=0&df[ds]=SPC2&df[id]=DF_COVID_VACCINATION&df[ag]=SPC&df[vs]=1.0,2022-03,2022
Costa Rica,CRI,2022-03-28,10166273.0,4336171.0,3971404.0,,25215.0,197.82,84.38,77.28,4907.0,"Oxford/AstraZeneca, Pfizer/BioNTech",Costa Rican Social Security Fund,https://www.ccss.sa.cr/web/coronavirus/vacunacion,2022-03,2022
Cote d'Ivoire,CIV,2022-03-27,10364488.0,7111845.0,4599452.0,20396.0,16121.0,38.31,26.29,17.0,596.0,"Johnson&Johnson, Oxford/AstraZeneca, Pfizer/BioNTech, Sinopharm/Beijing, Sputnik V",World Health Organization,https://covid19.who.int/,2022-03,2022
Croatia,HRV,2022-03-29,5224151.0,2310786.0,2237864.0,9.0,826.0,127.99,56.61,54.83,202.0,"Johnson&Johnson, Moderna, Oxford/AstraZeneca, Pfizer/BioNTech",Ministry of Health,https://www.koronavirus.hr,2022-03,2022
Cuba,CUB,2022-03-27,35342367.0,10630665.0,9910237.0,6601.0,12654.0,312.28,93.93,87.57,1118.0,"Abdala, Soberana Plus, Soberana02",Ministry of Health,https://salud.msp.gob.cu/actualizacion-de-la-vacunacion-en-el-marco-de-los-estudios-de-los-candidatos-vacunales-cubanos-y-la-intervencion-sanitaria/,2022-03,2022
Curacao,CUW,2022-03-29,246566.0,107539.0,98489.0,58.0,59.0,149.62,65.26,59.76,358.0,"Moderna, Pfizer/BioNTech",Government of Curacao,https://bakuna.cw/,2022-03,2022
Cyprus,CYP,2022-02-26,1773485.0,687926.0,645292.0,1437.0,1133.0,197.93,76.78,72.02,1265.0,"Johnson&Johnson, Moderna, Oxford/AstraZeneca, Pfizer/BioNTech",Ministry of Health,https://www.moh.gov.cy/moh/moh.nsf/All/0EFA027144C9E54AC22586BE0032B2F5,2022-02,2022
Czechia,CZE,2022-03-29,17492052.0,6951303.0,6858609.0,2700.0,3051.0,163.1,64.82,63.95,284.0,"Johnson&Johnson, Moderna, Novavax, Oxford/AstraZeneca, Pfizer/BioNTech",Ministry of Health,https://onemocneni-aktualne.mzcr.cz/covid-19,2022-03,2022
Democratic Republic of Congo,COD,2022-03-24,964948.0,853971.0,519397.0,42303.0,4759.0,1.04,0.92,0.56,52.0,Oxford/AstraZeneca,World Health Organization,https://covid19.who.int/,2022-03,2022
Denmark,DNK,2022-03-28,13211743.0,4841445.0,4801547.0,1201.0,941.0,227.27,83.28,82.6,162.0,"Johnson&Johnson, Moderna, Pfizer/BioNTech",Statens Serum Institute,https://covid19.ssi.dk/overvagningsdata/download-fil-med-vaccinationsdata,2022-03,2022
Djibouti,DJI,2022-03-20,165554.0,145050.0,105020.0,,194.0,16.52,14.47,10.48,194.0,"Johnson&Johnson, Oxford/AstraZeneca, Pfizer/BioNTech, Sinopharm/Beijing, Sinovac, Sputnik V",World Health Organization,https://covid19.who.int/,2022-03,2022
Dominica,DMA,2022-03-25,62334.0,32403.0,29931.0,270.0,32.0,86.37,44.9,41.47,443.0,"Oxford/AstraZeneca, Pfizer/BioNTech, Sinopharm/Beijing",Pan American Health Organization,https://ais.paho.org/imm/IM_DosisAdmin-Vacunacion.asp,2022-03,2022
Dominican Republic,DOM,2022-03-29,15484878.0,7184321.0,5923507.0,6453.0,7249.0,141.37,65.59,54.08,662.0,"Oxford/AstraZeneca, Pfizer/BioNTech, Sinopharm/Beijing, Sinovac",Ministry of Public Health,https://vacunate.gob.do/,2022-03,2022
Ecuador,ECU,2022-03-26,33165706.0,14836133.0,13709968.0,15993.0,32420.0,185.4,82.94,76.64,1812.0,"CanSino, Oxford/AstraZeneca, Pfizer/BioNTech, Sinovac",Government of Ecuador via Ecuacovid,https://github.com/andrab/ecuacovid,2022-03,2022
Egypt,EGY,2022-03-20,76716981.0,44531740.0,31722116.0,729239.0,274453.0,73.58,42.71,30.43,2632.0,"Johnson&Johnson, Oxford/AstraZeneca, Pfizer/BioNTech, Sinopharm/Beijing, Sinovac, Sputnik V",World Health Organization,https://covid19.who.int/,2022-03,2022
El Salvador,SLV,2022-03-24,10418549.0,4582343.0,4281899.0,46995.0,15896.0,159.83,70.3,65.69,2439.0,"Oxford/AstraZeneca, Pfizer/BioNTech, Sinopharm/Beijing, Sinovac",Ministry of Health,https://covid19.gob.sv/,2022-03,2022
England,OWID_ENG,2022-03-28,118170701.0,44377784.0,41501690.0,24468.0,28064.0,208.97,78.48,73.39,496.0,"Moderna, Oxford/AstraZeneca, Pfizer/BioNTech",Government of the United Kingdom,https://coronavirus.data.gov.uk/details/vaccinations,2022-03,2022
Equatorial Guinea,GNQ,2022-03-26,473409.0,262703.0,210706.0,639.0,281.0,32.65,18.12,14.53,194.0,Sinopharm/Beijing,Ministry of Health,https://guineasalud.org/estadisticas/,2022-03,2022
Estonia,EST,2022-03-29,1971557.0,859186.0,842855.0,570.0,473.0,148.78,64.84,63.6,357.0,"Johnson&Johnson, Moderna, Oxford/AstraZeneca, Pfizer/BioNTech",National Health Board,https://opendata.digilugu.ee,2022-03,2022
Eswatini,SWZ,2022-03-20,509424.0,387509.0,318360.0,7504.0,500.0,43.45,33.05,27.16,426.0,"Johnson&Johnson, Oxford/AstraZeneca, Pfizer/BioNTech",World Health Organization,https://covid19.who.int/,2022-03,2022
Ethiopia,ETH,2022-03-27,29373478.0,24486746.0,20958931.0,159930.0,22728.0,24.92,20.77,17.78,193.0,"Covaxin, Johnson&Johnson, Oxford/AstraZeneca, Sinopharm/Beijing, Sinovac",World Health Organization,https://covid19.who.int/,2022-03,2022
Faeroe Islands,FRO,2022-02-18,103894.0,41715.0,40895.0,42.0,26.0,211.8,85.04,83.37,530.0,"Moderna, Pfizer/BioNTech",Government of the Faeroe Islands,https://corona.fo/api,2022-02,2022
Falkland Islands,FLK,2021-04-14,4407.0,2632.0,1775.0,,12.0,124.91,74.6,50.31,3401.0,Oxford/AstraZeneca,Government of the Falkland Islands,https://www.facebook.com/FalkIandsGov/posts/4401230323224594,2021-04,2021
Fiji,FJI,2022-03-28,1308235.0,680784.0,627451.0,28295.0,270.0,144.89,75.4,69.49,299.0,"Moderna, Oxford/AstraZeneca, Pfizer/BioNTech",SPC Public Health Division,https://stats.pacificdata.org/vis?tm=covid&pg=0&df[ds]=SPC2&df[id]=DF_COVID_VACCINATION&df[ag]=SPC&df[vs]=1.0,2022-03,2022
Finland,FIN,2022-03-29,11679339.0,4505614.0,4308827.0,5922.0,3877.0,210.5,81.21,77.66,699.0,"Moderna, Oxford/AstraZeneca, Pfizer/BioNTech",Finnish Institute for Health and Welfare,https://sampo.thl.fi/pivot/prod/en/vaccreg/cov19cov/fact_cov19cov,2022-03,2022
France,FRA,2022-03-28,141666197.0,53993210.0,52438706.0,29803.0,31933.0,210.12,80.08,77.78,474.0,"Johnson&Johnson, Moderna, Oxford/AstraZeneca, Pfizer/BioNTech",Public Health France,https://www.data.gouv.fr/fr/datasets/donnees-relatives-aux-personnes-vaccinees-contre-la-covid-19-1/,2022-03,2022
French Polynesia,PYF,2022-03-28,367057.0,186250.0,180807.0,405.0,10.0,129.92,65.92,63.99,35.0,"Johnson&Johnson, Pfizer/BioNTech",SPC Public Health Division,https://stats.pacificdata.org/vis?tm=covid&pg=0&df[ds]=SPC2&df[id]=DF_COVID_VACCINATION&df[ag]=SPC&df[vs]=1.0,2022-03,2022
Gabon,GAB,2022-03-24,0.0,0.0,0.0,1486.0,0.0,24.09,13.05,11.0,41.0,"Pfizer/BioNTech, Sinopharm/Beijing, Sputnik V",Africa Centres for Disease Control and Prevention,https://africacdc.org/covid-19-vaccination/,2022-03,2022
Gambia,GMB,2022-03-20,363353.0,331266.0,318161.0,429.0,7.0,14.61,13.32,12.79,3.0,"Johnson&Johnson, Oxford/AstraZeneca, Sinopharm/Beijing",Africa Centres for Disease Control and Prevention,https://covid19.who.int/,2022-03,2022
Georgia,GEO,2022-03-29,2857215.0,1600698.0,1256517.0,224.0,1541.0,71.79,40.22,31.57,387.0,"Oxford/AstraZeneca, Pfizer/BioNTech, Sinopharm/Beijing, Sinovac",National Center for Disease Control and Public Health,https://vaccines.ncdc.ge/vaccinationprocess/,2022-03,2022
Germany,DEU,2022-03-29,171940027.0,63664250.0,63142649.0,54112.0,45378.0,204.93,75.88,75.26,541.0,"Johnson&Johnson, Moderna, Novavax, Oxford/AstraZeneca, Pfizer/BioNTech",Robert Koch Institut,https://impfdashboard.de/,2022-03,2022
Ghana,GHA,2022-03-17,0.0,0.0,0.0,60270.0,0.0,39.83,27.71,15.34,1248.0,"Oxford/AstraZeneca, Sputnik V",World Health Organization,https://africacdc.org/covid-19-vaccination/,2022-03,2022
Gibraltar,GIB,2022-03-24,116358.0,42034.0,41228.0,511.0,226.0,345.37,124.76,122.37,6708.0,"Oxford/AstraZeneca, Pfizer/BioNTech",Government of Gibraltar,https://twitter.com/GibraltarGov/status/1507008369005015050,2022-03,2022
Greece,GRC,2022-03-29,20503242.0,7896367.0,7592528.0,14254.0,10946.0,197.7,76.14,73.21,1055.0,"Johnson&Johnson, Moderna, Oxford/AstraZeneca, Pfizer/BioNTech",Ministry of Health,https://www.data.gov.gr/datasets/mdg_emvolio/,2022-03,2022
Greenland,GRL,2022-03-07,79745.0,41243.0,38502.0,15.0,2.0,140.23,72.52,67.7,35.0,Moderna,Government of Greenland,https://corona.nun.gl,2022-03,2022
Grenada,GRD,2022-03-25,87154.0,43292.0,37915.0,694.0,31.0,77.12,38.31,33.55,274.0,"Johnson&Johnson, Oxford/AstraZeneca, Pfizer/BioNTech",World Health Organization,https://ais.paho.org/imm/IM_DosisAdmin-Vacunacion.asp,2022-03,2022
Guatemala,GTM,2022-03-25,15845925.0,7624143.0,5929957.0,48046.0,66123.0,86.83,41.78,32.49,3623.0,"Moderna, Oxford/AstraZeneca, Pfizer/BioNTech, Sputnik V",Ministry of Health,https://ais.paho.org/imm/IM_DosisAdmin-Vacunacion.asp,2022-03,2022
Guernsey,GGY,2022-03-23,150724.0,0.0,0.0,754.0,25.0,237.79,85.42,81.01,394.0,"Moderna, Oxford/AstraZeneca, Pfizer/BioNTech",Government of Guernsey,https://covid19.gov.gg/guidance/vaccine/stats,2022-03,2022
Guinea,GIN,2022-03-21,5952680.0,3472605.0,2480075.0,522.0,13913.0,44.1,25.73,18.37,1031.0,"Johnson&Johnson, Oxford/AstraZeneca, Pfizer/BioNTech, Sinopharm/Beijing, Sinovac, Sputnik V",National Health Security Agency,https://covid19.who.int/,2022-03,2022
Guinea-Bissau,GNB,2022-03-26,562620.0,519455.0,341495.0,1658.0,32.0,27.91,25.77,16.94,16.0,"Oxford/AstraZeneca, Sinopharm/Beijing",World Health Organization,https://covid19.who.int/,2022-03,2022
Guyana,GUY,2022-03-25,889522.0,471864.0,360587.0,58394.0,493.0,112.55,59.7,45.62,624.0,"Moderna, Oxford/AstraZeneca, Pfizer/BioNTech, Sinopharm/Beijing, Sputnik V",Ministry of Health,https://ais.paho.org/imm/IM_DosisAdmin-Vacunacion.asp,2022-03,2022
Haiti,HTI,2022-03-23,249801.0,163710.0,112335.0,4278.0,833.0,2.16,1.42,0.97,72.0,"Johnson&Johnson, Moderna",Pan American Health Organization,https://ais.paho.org/imm/IM_DosisAdmin-Vacunacion.asp,2022-03,2022
Honduras,HND,2022-03-25,11995048.0,5377876.0,4777999.0,81065.0,14295.0,119.2,53.44,47.48,1421.0,"Johnson&Johnson, Moderna, Oxford/AstraZeneca, Pfizer/BioNTech, Sputnik V",World Health Organization,https://covid19.who.int/,2022-03,2022
Hong Kong,HKG,2022-03-27,14944464.0,6502770.0,5739533.0,39710.0,59091.0,197.87,86.1,75.99,7824.0,"Pfizer/BioNTech, Sinovac",Food and Health Bureau,https://data.gov.hk/en-data/dataset/hk-fhb-fhbcovid19-vaccination-rates-over-time-by-age,2022-03,2022
Hungary,HUN,2022-03-29,0.0,6402207.0,6186672.0,93527.0,0.0,170.54,66.45,64.22,2435.0,"Johnson&Johnson, Moderna, Oxford/AstraZeneca, Pfizer/BioNTech, Sinopharm/Beijing, Sputnik V",Government of Hungary,https://koronavirus.gov.hu//cikkek/6-millio-402-ezer-beoltott-2906-az-uj-fertozott-es-elhunyt-40-beteg,2022-03,2022
Iceland,ISL,2022-03-29,805469.0,309770.0,290193.0,1925.0,61.0,218.41,84.0,78.69,165.0,"Johnson&Johnson, Moderna, Oxford/AstraZeneca, Pfizer/BioNTech",Directorate of Health,https://www.covid.is/tolulegar-upplysingar-boluefni,2022-03,2022
India,IND,2022-03-29,1834500657.0,984838143.0,828229455.0,1460643.0,2580123.0,131.66,70.68,59.44,1852.0,"Covaxin, Oxford/AstraZeneca, Sputnik V",Government of India,https://dashboard.cowin.gov.in/,2022-03,2022
Indonesia,IDN,2022-03-29,377108938.0,196240871.0,158830466.0,1197928.0,1282135.0,136.45,71.01,57.47,4639.0,"Johnson&Johnson, Moderna, Novavax, Oxford/AstraZeneca, Pfizer/BioNTech, Sinopharm/Beijing, Sinovac",Government of Indonesia,https://data.covid19.go.id/public/index.html,2022-03,2022
Iran,IRN,2022-03-29,146792557.0,63872818.0,56810058.0,136875.0,97601.0,172.64,75.12,66.81,1148.0,"COVIran Barekat, Covaxin, FAKHRAVAC, Oxford/AstraZeneca, Razi Cov Pars, Sinopharm/Beijing, Soberana02, SpikoGen, Sputnik V",World Health Organization,https://irangov.ir/detail/383414,2022-03,2022
Iraq,IRQ,2022-03-23,17536902.0,10266670.0,7121524.0,9985.0,20559.0,42.59,24.93,17.29,499.0,"Oxford/AstraZeneca, Pfizer/BioNTech, Sinopharm/Beijing, Sputnik V",World Health Organization,https://covid19.who.int/,2022-03,2022
Ireland,IRL,2022-03-28,10741777.0,4069002.0,4007756.0,5170.0,4351.0,215.57,81.66,80.43,873.0,"Johnson&Johnson, Moderna, Oxford/AstraZeneca, Pfizer/BioNTech",Heath Service Executive,https://covid19ireland-geohive.hub.arcgis.com/,2022-03,2022
Isle of Man,IMN,2022-03-29,189498.0,69518.0,66975.0,142.0,69.0,221.87,81.39,78.42,808.0,"Moderna, Oxford/AstraZeneca, Pfizer/BioNTech",Isle of Man Government,https://covid19.gov.im/general-information/covid-19-vaccination-statistics/,2022-03,2022
Israel,ISR,2022-03-29,18062854.0,6702717.0,6128503.0,3689.0,2649.0,194.41,72.14,65.96,285.0,"Moderna, Pfizer/BioNTech",Government of Israel,https://datadashboard.health.gov.il/COVID-19/general,2022-03,2022
Italy,ITA,2022-03-29,135870869.0,50723408.0,47817555.0,40791.0,43160.0,225.07,84.02,79.21,715.0,"Johnson&Johnson, Moderna, Novavax, Oxford/AstraZeneca, Pfizer/BioNTech",Extraordinary commissioner for the Covid-19 emergency,https://raw.githubusercontent.com/italia/covid19-opendata-vaccini/master/dati/somministrazioni-vaccini-latest.csv,2022-03,2022
Jamaica,JAM,2022-03-29,1393819.0,780377.0,672613.0,999.0,882.0,46.88,26.24,22.62,297.0,"Johnson&Johnson, Moderna, Oxford/AstraZeneca, Pfizer/BioNTech",Ministry of Health,https://vaccination.moh.gov.jm/,2022-03,2022
Japan,JPN,2022-03-29,254345587.0,102467506.0,100633737.0,779830.0,836588.0,201.78,81.29,79.84,6637.0,"Moderna, Oxford/AstraZeneca, Pfizer/BioNTech",Prime Minister's Office,https://www.kantei.go.jp/jp/headline/kansensho/vaccine.html,2022-03,2022
Jersey,JEY,2022-03-20,226090.0,82777.0,79327.0,,414.0,223.69,81.9,78.48,4096.0,"Moderna, Oxford/AstraZeneca, Pfizer/BioNTech",Government of Jersey,https://www.gov.je/Datasets/ListOpenData?ListName=COVID19Weekly&clean=true,2022-03,2022
Jordan,JOR,2022-03-10,9727982.0,4714575.0,4412071.0,19111.0,9836.0,94.73,45.91,42.96,958.0,"Johnson&Johnson, Moderna, Oxford/AstraZeneca, Pfizer/BioNTech, Sinopharm/Beijing, Sputnik V",World Health Organization,https://covid19.who.int/,2022-03,2022
Kazakhstan,KAZ,2022-03-29,0.0,9451240.0,9150398.0,12492.0,0.0,110.13,49.76,48.17,565.0,"QazVac, Sinopharm/Beijing, Sputnik V",Government of Kazakhstan,https://www.coronavirus2020.kz/,2022-03,2022
Kenya,KEN,2022-03-19,17327143.0,11696182.0,8090985.0,13702.0,29846.0,31.51,21.27,14.71,543.0,"Johnson&Johnson, Moderna, Oxford/AstraZeneca, Pfizer/BioNTech, Sinopharm/Beijing",Ministry of Health,https://www.health.go.ke/wp-content/uploads/2022/03/MINISTRY-OF-HEALTH-KENYA-COVID-19-IMMUNIZATION-STATUS-REPORT-19TH-MARCH-2022.pdf,2022-03,2022
Kiribati,KIR,2022-03-21,133953.0,78620.0,55333.0,,502.0,110.35,64.77,45.58,4135.0,Oxford/AstraZeneca,SPC Public Health Division,https://stats.pacificdata.org/vis?tm=covid&pg=0&df[ds]=SPC2&df[id]=DF_COVID_VACCINATION&df[ag]=SPC&df[vs]=1.0,2022-03,2022
Kosovo,OWID_KOS,2022-03-29,1821917.0,901602.0,820317.0,376.0,211.0,102.23,50.59,46.03,118.0,"Oxford/AstraZeneca, Pfizer/BioNTech",Ministry of Health,https://msh.rks-gov.net/sq/statistikat-covid-19/,2022-03,2022
Kuwait,KWT,2022-03-24,7814545.0,3410314.0,3283891.0,19007.0,8822.0,180.53,78.79,75.87,2038.0,"Johnson&Johnson, Moderna, Oxford/AstraZeneca, Pfizer/BioNTech, Sinopharm/Beijing",World Health Organization,https://covid19.who.int/,2022-03,2022
Kyrgyzstan,KGZ,2022-03-29,2902889.0,1488749.0,1237551.0,8492.0,4928.0,43.8,22.46,18.67,743.0,"Sinopharm/Beijing, Sputnik V",Ministry of Health,https://vc.emed.gov.kg/,2022-03,2022
Laos,LAO,2022-03-28,10048983.0,5593478.0,4455505.0,37326.0,17309.0,136.18,75.8,60.38,2346.0,"Johnson&Johnson, Oxford/AstraZeneca, Pfizer/BioNTech, Sinopharm/Beijing, Sinovac, Sputnik Light, Sputnik V",World Health Organization,https://www.covid19.gov.la/index.php,2022-03,2022
Latvia,LVA,2022-03-28,2874324.0,1344075.0,1302192.0,299.0,527.0,153.96,71.99,69.75,282.0,"Johnson&Johnson, Moderna, Novavax, Pfizer/BioNTech",National Health Service,https://data.gov.lv/dati/eng/dataset/covid19-vakcinacijas,2022-03,2022
Lebanon,LBN,2022-03-29,5276097.0,2516012.0,2201517.0,5728.0,2371.0,77.94,37.17,32.52,350.0,"Oxford/AstraZeneca, Pfizer/BioNTech, Sinopharm/Beijing, Sputnik V",Government of Lebanon,https://impact.cib.gov.lb/home/dashboard/vaccine,2022-03,2022
Lesotho,LSO,2022-03-22,905438.0,782175.0,727528.0,,1358.0,41.94,36.23,33.7,629.0,"Johnson&Johnson, Oxford/AstraZeneca, Sinopharm/Beijing",World Health Organization,https://covid19.who.int/,2022-03,2022
Liberia,LBR,2022-03-25,1132502.0,1047889.0,1015633.0,8242.0,2522.0,21.86,20.23,19.61,487.0,Oxford/AstraZeneca,World Health Organization,https://covid19.who.int/,2022-03,2022
Libya,LBY,2022-03-24,3415834.0,2201314.0,1125758.0,602.0,3382.0,49.09,31.63,16.18,486.0,"Oxford/AstraZeneca, Pfizer/BioNTech, Sinopharm/Beijing, Sinovac, Sputnik V",World Health Organization,https://ncdc.org.ly/Ar,2022-03,2022
Liechtenstein,LIE,2022-03-28,70434.0,26721.0,26395.0,0.0,14.0,184.12,69.85,69.0,366.0,"Johnson&Johnson, Moderna, Pfizer/BioNTech",Federal Office of Public Health,https://opendata.swiss/en/dataset/covid-19-schweiz?detGeo=FL,2022-03,2022
Lithuania,LTU,2022-03-29,4465769.0,1948513.0,1872520.0,602.0,493.0,166.02,72.44,69.61,183.0,"Johnson&Johnson, Moderna, Novavax, Oxford/AstraZeneca, Pfizer/BioNTech",Ministry of Health,https://experience.arcgis.com/experience/cab84dcfe0464c2a8050a78f817924ca/page/page_3/,2022-03,2022
Luxembourg,LUX,2022-03-26,1280144.0,480279.0,0.0,300.0,254.0,201.66,75.66,72.51,400.0,"Johnson&Johnson, Moderna, Oxford/AstraZeneca, Pfizer/BioNTech",Government of Luxembourg,https://data.public.lu/en/datasets/donnees-covid19/#_,2022-03,2022
Macao,MAC,2022-03-28,1238228.0,579965.0,509829.0,3264.0,3915.0,188.07,88.09,77.44,5946.0,"Pfizer/BioNTech, Sinopharm/Beijing",Government of Macao,https://www.ssm.gov.mo/docs/19164/19164_dd2dfe6b739b4964b394d629e656af72_000_.pdf,2022-03,2022
Madagascar,MDG,2022-03-22,1306962.0,1098703.0,1050879.0,13544.0,3473.0,4.6,3.86,3.7,122.0,"Johnson&Johnson, Oxford/AstraZeneca, Sinopharm/Beijing",World Health Organization,https://covid19.who.int/,2022-03,2022
Malawi,MWI,2022-03-13,1993981.0,1570322.0,861888.0,14163.0,4225.0,10.15,7.99,4.39,215.0,"Johnson&Johnson, Oxford/AstraZeneca",World Health Organization,https://covid19.who.int/,2022-03,2022
Malaysia,MYS,2022-03-29,68795057.0,27494218.0,25801561.0,47608.0,34094.0,209.89,83.88,78.72,1040.0,"CanSino, Oxford/AstraZeneca, Pfizer/BioNTech, Sinopharm/Beijing, Sinovac",Government of Malaysia,https://github.com/MoH-Malaysia/covid19-public,2022-03,2022
Maldives,MDV,2022-03-12,913264.0,398348.0,371439.0,1683.0,954.0,168.0,73.28,68.33,1755.0,"Oxford/AstraZeneca, Pfizer/BioNTech, Sinopharm/Beijing",Presidency of the Maldives,https://twitter.com/HPA_MV/status/1503053275741913088,2022-03,2022
Mali,MLI,2022-03-25,1873615.0,1331919.0,978690.0,,8492.0,8.98,6.39,4.69,407.0,Oxford/AstraZeneca,World Health Organization,https://covid19.who.int/,2022-03,2022
Malta,MLT,2022-03-28,1255851.0,473639.0,466296.0,433.0,375.0,243.33,91.77,90.35,727.0,"Johnson&Johnson, Moderna, Oxford/AstraZeneca, Pfizer/BioNTech",COVID-19 Malta Public Health Response Team,https://github.com/COVID19-Malta/COVID19-Cases,2022-03,2022
Mauritania,MRT,2022-03-24,0.0,0.0,0.0,3777.0,0.0,55.51,32.53,22.14,181.0,"Oxford/AstraZeneca, Sinopharm/Beijing",Africa Centres for Disease Control and Prevention,https://africacdc.org/covid-19-vaccination/,2022-03,2022
Mauritius,MUS,2022-03-24,0.0,0.0,0.0,35153.0,0.0,195.87,78.57,75.66,4606.0,"Covaxin, Oxford/AstraZeneca, Sinopharm/Beijing",World Health Organization,https://africacdc.org/covid-19-vaccination/,2022-03,2022
Mexico,MEX,2022-03-29,191907868.0,85580293.0,79711762.0,1466393.0,431743.0,147.32,65.7,61.19,3314.0,"CanSino, Johnson&Johnson, Moderna, Oxford/AstraZeneca, Pfizer/BioNTech, Sinovac, Sputnik V",Secretary of Health,http://www.gob.mx/cms/uploads/attachment/file/712810/2022.03.29_17h00_ComunicadoTecnicoDiario_Covid19__1_.pdf,2022-03,2022
Moldova,MDA,2022-03-29,2123778.0,0.0,1054472.0,2709.0,1164.0,52.78,26.92,26.2,289.0,"Johnson&Johnson, Oxford/AstraZeneca, Pfizer/BioNTech, Sinopharm/Beijing, Sputnik V",Ministry of Health,https://vaccinare.gov.md,2022-03,2022
Monaco,MCO,2021-12-21,65140.0,28875.0,25667.0,,158.0,164.83,73.06,64.95,3998.0,Pfizer/BioNTech,National Council,https://en.gouv.mc/Policy-Practice/Social-Affairs-and-Health/News/Minister-of-State-visits-those-working-to-combat-COVID,2021-12,2021
Mongolia,MNG,2022-03-29,5478794.0,2272363.0,2174463.0,319.0,258.0,164.56,68.25,65.31,77.0,"Oxford/AstraZeneca, Pfizer/BioNTech, Sinopharm/Beijing, Sputnik V",Ministry of Health via ikon.mn,https://ikon.mn/,2022-03,2022
Montenegro,MNE,2022-03-29,668206.0,289687.0,281571.0,181.0,149.0,106.39,46.12,44.83,237.0,"Oxford/AstraZeneca, Pfizer/BioNTech, Sinopharm/Beijing, Sputnik V",Government of Montenegro,https://www.covidodgovor.me/,2022-03,2022
Montserrat,MSR,2022-03-25,4211.0,1897.0,1804.0,,4.0,84.54,38.08,36.22,803.0,Oxford/AstraZeneca,World Health Organization,https://covid19.who.int/,2022-03,2022
Morocco,MAR,2022-03-23,54201634.0,24878016.0,23346308.0,51870.0,13082.0,145.14,66.62,62.52,350.0,"Johnson&Johnson, Oxford/AstraZeneca, Pfizer/BioNTech, Sinopharm/Beijing, Sputnik V",World Health Organization,https://covid19.who.int/,2022-03,2022
Mozambique,MOZ,2022-03-25,26215793.0,14243939.0,13130997.0,295812.0,0.0,81.51,44.29,40.83,0.0,"Johnson&Johnson, Oxford/AstraZeneca, Sinopharm/Beijing",World Health Organization,https://covid19.who.int/,2022-03,2022
Myanmar,MMR,2022-03-26,49316486.0,26473700.0,21803150.0,3800.0,150178.0,89.98,48.3,39.78,2740.0,"Oxford/AstraZeneca, Sinopharm/Beijing",World Health Organization,https://mohs.gov.mm/page/18035,2022-03,2022
Namibia,NAM,2022-03-25,834756.0,450833.0,383923.0,3837.0,1048.0,32.26,17.42,14.84,405.0,"Johnson&Johnson, Oxford/AstraZeneca, Pfizer/BioNTech, Sinopharm/Beijing",Africa Centres for Disease Control and Prevention,https://covid19.who.int/,2022-03,2022
Nauru,NRU,2022-03-21,16824.0,9150.0,7674.0,168.0,27.0,154.73,84.15,70.58,2483.0,Oxford/AstraZeneca,World Health Organization,https://stats.pacificdata.org/vis?tm=covid&pg=0&df[ds]=SPC2&df[id]=DF_COVID_VACCINATION&df[ag]=SPC&df[vs]=1.0,2022-03,2022
Nepal,NPL,2022-03-29,39935568.0,21994736.0,19014212.0,51133.0,69590.0,134.58,74.12,64.08,2345.0,"Johnson&Johnson, Moderna, Oxford/AstraZeneca, Pfizer/BioNTech, Sinopharm/Beijing",World Health Organization,https://covid19.mohp.gov.np/situation-report,2022-03,2022
Netherlands,NLD,2022-03-19,34038677.0,13455761.0,12366525.0,,5310.0,198.21,78.35,72.01,309.0,"Johnson&Johnson, Moderna, Novavax, Oxford/AstraZeneca, Pfizer/BioNTech","European CDC, via Marino van Zelst",https://github.com/mzelst/covid-19,2022-03,2022
New Caledonia,NCL,2022-03-28,367883.0,188003.0,179880.0,,28.0,127.64,65.23,62.41,97.0,Pfizer/BioNTech,SPC Public Health Division,https://stats.pacificdata.org/vis?tm=covid&pg=0&df[ds]=SPC2&df[id]=DF_COVID_VACCINATION&df[ag]=SPC&df[vs]=1.0,2022-03,2022
New Zealand,NZL,2022-03-29,10950139.0,4284293.0,4051832.0,5639.0,7398.0,213.61,83.57,79.04,1443.0,"Oxford/AstraZeneca, Pfizer/BioNTech",Ministry of Health,https://www.health.govt.nz/our-work/diseases-and-conditions/covid-19-novel-coronavirus/covid-19-data-and-statistics/covid-19-vaccine-data,2022-03,2022
Nicaragua,NIC,2022-03-25,9611936.0,5498389.0,4113547.0,,0.0,143.41,82.04,61.37,0.0,"Abdala, Johnson&Johnson, Oxford/AstraZeneca, Pfizer/BioNTech, Soberana02, Sputnik Light, Sputnik V",World Health Organization,https://covid19.who.int/,2022-03,2022
Niger,NER,2022-03-24,2681673.0,2180972.0,1545630.0,,456.0,10.67,8.68,6.15,18.0,"Oxford/AstraZeneca, Sinopharm/Beijing",World Health Organization,https://covid19.who.int/,2022-03,2022
Nigeria,NGA,2022-03-27,31391732.0,21049754.0,9565143.0,186047.0,197628.0,14.85,9.96,4.52,935.0,Oxford/AstraZeneca,World Health Organization,https://covid19.who.int/,2022-03,2022
Niue,NIU,2022-03-13,4161.0,1650.0,1417.0,,14.0,257.81,102.23,87.79,8674.0,Pfizer/BioNTech,SPC Public Health Division,https://covid19.who.int/,2022-03,2022
North Macedonia,MKD,2022-03-20,1836421.0,852584.0,835151.0,3869.0,485.0,88.18,40.94,40.1,233.0,"Oxford/AstraZeneca, Pfizer/BioNTech, Sinopharm/Beijing, Sinovac, Sputnik V",Government of North Macedonia,https://worldhealthorg.shinyapps.io/EURO_COVID-19_vaccine_monitor/,2022-03,2022
Northern Cyprus,OWID_CYN,2021-11-26,617389.0,284357.0,275988.0,795.0,6011.0,161.52,74.39,72.2,15726.0,"Oxford/AstraZeneca, Pfizer/BioNTech, Sinovac",Ministry of Health,https://asi.saglik.gov.ct.tr/,2021-11,2021
Northern Ireland,OWID_NIR,2022-03-28,3754751.0,1423609.0,1330523.0,629.0,994.0,198.04,75.08,70.18,524.0,"Moderna, Oxford/AstraZeneca, Pfizer/BioNTech",Government of the United Kingdom,https://coronavirus.data.gov.uk/details/vaccinations,2022-03,2022
Norway,NOR,2022-03-28,11269240.0,4331582.0,4027038.0,777.0,988.0,206.18,79.25,73.68,181.0,"Moderna, Pfizer/BioNTech",Norwegian Institute of Public Health,https://github.com/folkehelseinstituttet/surveillance_data,2022-03,2022
Oman,OMN,2022-03-22,6986946.0,3242461.0,3021149.0,3650.0,4450.0,133.76,62.08,57.84,852.0,"Oxford/AstraZeneca, Pfizer/BioNTech, Sinovac, Sputnik V",World Health Organization,https://covid19.who.int/,2022-03,2022
Pakistan,PAK,2022-03-10,219368557.0,128074138.0,101881176.0,678788.0,480621.0,97.41,56.87,45.24,2134.0,"CanSino, Covaxin, Moderna, Oxford/AstraZeneca, Pfizer/BioNTech, Sinopharm/Beijing, Sinovac, Sputnik V",National Command and Operation Centre,https://ncoc.gov.pk/covid-vaccination-en.php,2022-03,2022
Palestine,PSE,2022-03-24,3694897.0,1995873.0,1756319.0,17447.0,2429.0,70.75,38.21,33.63,465.0,"Johnson&Johnson, Moderna, Oxford/AstraZeneca, Pfizer/BioNTech, Sinopharm/Beijing, Sinovac, Sputnik Light, Sputnik V",World Health Organization,https://covid19.who.int/,2022-03,2022
Panama,PAN,2022-03-25,7889044.0,3434847.0,3017898.0,5925.0,14289.0,180.05,78.39,68.88,3261.0,"Oxford/AstraZeneca, Pfizer/BioNTech",Pan American Health Organization,https://ais.paho.org/imm/IM_DosisAdmin-Vacunacion.asp,2022-03,2022
Papua New Guinea,PNG,2022-03-28,574716.0,317150.0,257566.0,,918.0,6.3,3.48,2.82,101.0,Oxford/AstraZeneca,SPC Public Health Division,https://stats.pacificdata.org/vis?tm=covid&pg=0&df[ds]=SPC2&df[id]=DF_COVID_VACCINATION&df[ag]=SPC&df[vs]=1.0,2022-03,2022
Paraguay,PRY,2022-03-25,8428214.0,3868131.0,3316744.0,10430.0,7562.0,116.74,53.58,45.94,1047.0,"Covaxin, Moderna, Oxford/AstraZeneca, Pfizer/BioNTech, Sinopharm/Beijing, Sinovac, Sputnik V",Pan American Health Organization,https://ais.paho.org/imm/IM_DosisAdmin-Vacunacion.asp,2022-03,2022
Peru,PER,2022-03-26,65552891.0,28381144.0,25480351.0,82983.0,99451.0,196.5,85.08,76.38,2981.0,"Oxford/AstraZeneca, Pfizer/BioNTech, Sinopharm/Beijing",Ministerio de Salud via github.com/jmcastagnetto/covid-19-peru-vacunas,https://www.datosabiertos.gob.pe/dataset/vacunacion,2022-03,2022
Philippines,PHL,2022-03-29,148799120.0,0.0,65804988.0,453482.0,1182486.0,134.0,63.19,59.26,10649.0,"Johnson&Johnson, Moderna, Oxford/AstraZeneca, Pfizer/BioNTech, Sinopharm/Beijing, Sinovac, Sputnik Light, Sputnik V",Department of Health via ABS-CBN Investigative and Research Group,https://news.abs-cbn.com/spotlight/multimedia/infographic/03/23/21/philippines-covid-19-vaccine-tracker,2022-03,2022
Pitcairn,PCN,2021-09-07,94.0,47.0,47.0,,0.0,200.0,100.0,100.0,0.0,Oxford/AstraZeneca,SPC Public Health Division,https://stats.pacificdata.org/vis?tm=covid&pg=0&df[ds]=SPC2&df[id]=DF_COVID_VACCINATION&df[ag]=SPC&df[vs]=1.0,2021-09,2021
Poland,POL,2022-03-29,53908363.0,22585418.0,22343826.0,1624.0,14141.0,142.63,59.75,59.12,374.0,"Johnson&Johnson, Moderna, Oxford/AstraZeneca, Pfizer/BioNTech",Ministry of Health,https://www.gov.pl/web/szczepimysie/raport-szczepien-przeciwko-covid-19,2022-03,2022
Portugal,PRT,2022-03-10,22923599.0,9663542.0,9415073.0,5453.0,6346.0,225.45,95.04,92.6,624.0,"Johnson&Johnson, Moderna, Oxford/AstraZeneca, Pfizer/BioNTech",Directorate General for Health via Data Science for Social Good,https://github.com/dssg-pt/covid19pt-data,2022-03,2022
Qatar,QAT,2022-03-29,6607185.0,0.0,0.0,4126.0,7901.0,225.46,88.5,88.5,2696.0,"Moderna, Pfizer/BioNTech",Ministry of Public Health,https://covid19.moph.gov.qa/EN/Pages/Vaccination-Program-Data.aspx,2022-03,2022
Romania,ROU,2022-03-28,16736886.0,0.0,8083344.0,1208.0,1208.0,87.5,42.67,42.26,63.0,"Johnson&Johnson, Moderna, Oxford/AstraZeneca, Pfizer/BioNTech",Government of Romania via datelazi.ro,https://datelazi.ro/,2022-03,2022
Russia,RUS,2022-03-29,163601171.0,79954746.0,72841232.0,87682.0,165417.0,112.12,54.8,49.92,1134.0,"EpiVacCorona, Sputnik V",Official data from local governments via gogov.ru,https://gogov.ru/articles/covid-v-stats,2022-03,2022
Rwanda,RWA,2022-03-24,0.0,0.0,0.0,211071.0,0.0,146.28,67.0,60.53,23979.0,"Johnson&Johnson, Moderna, Oxford/AstraZeneca, Pfizer/BioNTech, Sinopharm/Beijing, Sinovac, Sputnik V",World Health Organization,https://africacdc.org/covid-19-vaccination/,2022-03,2022
Saint Helena,SHN,2021-05-05,7892.0,4361.0,3531.0,,97.0,129.48,71.55,57.93,15915.0,Oxford/AstraZeneca,Government of Saint Helena,https://www.sainthelena.gov.sh/2021/news/preliminary-data-from-the-covid-19-vaccination-programme/,2021-05,2021
Saint Kitts and Nevis,KNA,2022-02-25,60467.0,31162.0,26294.0,626.0,18.0,112.93,58.2,49.11,336.0,"Oxford/AstraZeneca, Pfizer/BioNTech",Pan American Health Organization,https://ais.paho.org/imm/IM_DosisAdmin-Vacunacion.asp,2022-02,2022
Saint Lucia,LCA,2022-03-25,117740.0,58119.0,52713.0,71.0,56.0,63.85,31.52,28.59,304.0,"Oxford/AstraZeneca, Pfizer/BioNTech",Ministry of Health,https://ais.paho.org/imm/IM_DosisAdmin-Vacunacion.asp,2022-03,2022
Saint Vincent and the Grenadines,VCT,2022-03-24,69602.0,36033.0,30123.0,24.0,35.0,62.55,32.38,27.07,315.0,Oxford/AstraZeneca,Ministry of Health,https://web.facebook.com/SVGHEALTH/posts/437021804887233,2022-03,2022
Samoa,WSM,2022-03-21,304893.0,173862.0,131031.0,,1022.0,152.34,86.87,65.47,5106.0,Oxford/AstraZeneca,SPC Public Health Division,https://stats.pacificdata.org/vis?tm=covid&pg=0&df[ds]=SPC2&df[id]=DF_COVID_VACCINATION&df[ag]=SPC&df[vs]=1.0,2022-03,2022
San Marino,SMR,2022-03-20,68230.0,26331.0,23602.0,9.0,21.0,200.62,77.42,69.4,617.0,"Pfizer/BioNTech, Sputnik V",World Health Organization,https://covid19.who.int/,2022-03,2022
Sao Tome and Principe,STP,2022-03-24,0.0,0.0,0.0,,0.0,91.82,50.6,38.52,7405.0,Oxford/AstraZeneca,World Health Organization,https://africacdc.org/covid-19-vaccination/,2022-03,2022
Saudi Arabia,SAU,2022-03-23,62388851.0,26167138.0,24460457.0,113359.0,62386.0,176.54,74.04,69.21,1765.0,"Oxford/AstraZeneca, Pfizer/BioNTech",Saudi Health Council,https://covid19.who.int/,2022-03,2022
Scotland,OWID_SCT,2022-03-28,12115448.0,4458008.0,4172472.0,3169.0,3867.0,221.65,81.56,76.34,707.0,"Moderna, Oxford/AstraZeneca, Pfizer/BioNTech",Government of the United Kingdom,https://coronavirus.data.gov.uk/details/vaccinations,2022-03,2022
Senegal,SEN,2022-03-15,2496373.0,1457116.0,1039257.0,7129.0,1244.0,14.52,8.47,6.04,72.0,"Johnson&Johnson, Oxford/AstraZeneca, Sinopharm/Beijing",World Health Organization,https://covid19.who.int/,2022-03,2022
Serbia,SRB,2022-03-22,8494958.0,3347209.0,3269374.0,1157.0,562.0,123.63,48.71,47.58,82.0,"Oxford/AstraZeneca, Pfizer/BioNTech, Sinopharm/Beijing, Sputnik V",Government of Serbia,https://vakcinacija.gov.rs/,2022-03,2022
Seychelles,SYC,2022-03-18,199466.0,84327.0,80089.0,1315.0,79.0,201.66,85.26,80.97,799.0,"Oxford/AstraZeneca, Sinopharm/Beijing, Sputnik V",World Health Organization,https://covid19.who.int/,2022-03,2022
Sierra Leone,SLE,2022-03-15,2134324.0,1727305.0,1114047.0,1928.0,24978.0,26.22,21.22,13.68,3068.0,"Oxford/AstraZeneca, Sinopharm/Beijing",World Health Organization,https://covid19.who.int/,2022-03,2022
Singapore,SGP,2022-03-28,13825593.0,5005722.0,4964989.0,7994.0,8187.0,253.51,91.79,91.04,1501.0,"Moderna, Pfizer/BioNTech, Sinopharm/Beijing, Sinovac",Government of Singapore,https://data.gov.sg/dataset/covid-19-vaccination,2022-03,2022
Sint Maarten (Dutch part),SXM,2022-03-25,62043.0,27974.0,25970.0,,28.0,142.89,64.43,59.81,645.0,"Moderna, Oxford/AstraZeneca, Pfizer/BioNTech",World Health Organization,https://covid19.who.int/,2022-03,2022
Slovakia,SVK,2022-03-27,7052526.0,2819708.0,2763187.0,,75.0,129.42,51.74,50.71,14.0,"Johnson&Johnson, Moderna, Novavax, Oxford/AstraZeneca, Pfizer/BioNTech, Sputnik V",Ministry of Health,https://github.com/Institut-Zdravotnych-Analyz/covid19-data/raw/main/Vaccination/OpenData_Slovakia_Vaccination_AgeGroup_District.csv,2022-03,2022
Slovenia,SVN,2022-03-29,2977006.0,1264649.0,1220153.0,383.0,498.0,143.21,60.84,58.7,240.0,"Johnson&Johnson, Moderna, Novavax, Oxford/AstraZeneca, Pfizer/BioNTech",National Institute of Public Health via covid-19.sledilnik.org,https://covid-19.sledilnik.org/sl/stats,2022-03,2022
Solomon Islands,SLB,2022-03-28,358073.0,235668.0,122405.0,,2186.0,50.86,33.48,17.39,3105.0,Oxford/AstraZeneca,SPC Public Health Division,https://stats.pacificdata.org/vis?tm=covid&pg=0&df[ds]=SPC2&df[id]=DF_COVID_VACCINATION&df[ag]=SPC&df[vs]=1.0,2022-03,2022
Somalia,SOM,2022-03-22,2395219.0,1929472.0,1290895.0,17966.0,16879.0,14.64,11.79,7.89,1032.0,"Johnson&Johnson, Oxford/AstraZeneca, Sinopharm/Beijing, Sinovac",World Health Organization,https://covid19.who.int/,2022-03,2022
South Africa,ZAF,2022-03-29,33485691.0,20894155.0,17833534.0,79990.0,66081.0,55.77,34.8,29.7,1101.0,"Johnson&Johnson, Pfizer/BioNTech",Ministry of Health,https://sacoronavirus.co.za/latest-vaccine-statistics/,2022-03,2022
South Korea,KOR,2022-03-29,120604515.0,44948629.0,44482876.0,25389.0,37544.0,235.07,87.61,86.7,732.0,"Johnson&Johnson, Moderna, Novavax, Oxford/AstraZeneca, Pfizer/BioNTech",Korea Centers for Disease Control and Prevention,https://ncv.kdca.go.kr/,2022-03,2022
South Sudan,SSD,2022-03-23,575057.0,526243.0,482816.0,4158.0,1638.0,5.05,4.62,4.24,144.0,"Johnson&Johnson, Oxford/AstraZeneca",World Health Organization,https://covid19.who.int/,2022-03,2022
Spain,ESP,2022-03-23,93807121.0,41134037.0,40118474.0,47657.0,33686.0,200.68,88.0,85.82,721.0,"Johnson&Johnson, Moderna, Oxford/AstraZeneca, Pfizer/BioNTech",Ministry of Health,https://www.mscbs.gob.es/profesionales/saludPublica/ccayes/alertasActual/nCov/documentos/Informe_Comunicacion_20220325.ods,2022-03,2022
Sri Lanka,LKA,2022-03-22,39102567.0,16995787.0,14387077.0,14667.0,21122.0,181.9,79.06,66.93,983.0,"Moderna, Oxford/AstraZeneca, Pfizer/BioNTech, Sinopharm/Beijing, Sputnik V",Ministry of Health's Epidemiology Unit,https://www.epid.gov.lk/web/images/pdf/corona_vaccination/covid_vaccination_2022-03_22.pdf,2022-03,2022
Sudan,SDN,2022-03-07,6131070.0,5171677.0,2746556.0,6534.0,21002.0,13.65,11.52,6.12,468.0,"Johnson&Johnson, Oxford/AstraZeneca, Pfizer/BioNTech, Sinopharm/Beijing, Sinovac",World Health Organization,https://covid19.who.int/,2022-03,2022
Suriname,SUR,2022-03-27,504529.0,267335.0,237194.0,398.0,74.0,85.25,45.17,40.08,125.0,"Oxford/AstraZeneca, Pfizer/BioNTech, Sinopharm/Beijing",Government of Suriname,https://laatjevaccineren.sr/,2022-03,2022
Sweden,SWE,2022-03-25,21053545.0,7817094.0,7614496.0,27102.0,20606.0,207.22,76.94,74.94,2028.0,"Moderna, Oxford/AstraZeneca, Pfizer/BioNTech",Public Health Agency of Sweden,https://fohm.se/smittskydd-beredskap/utbrott/aktuella-utbrott/covid-19/statistik-och-analyser/statistik-over-registrerade-vaccinationer-covid-19/,2022-03,2022
Switzerland,CHE,2022-03-28,15635047.0,6081712.0,5993447.0,2073.0,2221.0,179.39,69.78,68.77,255.0,"Johnson&Johnson, Moderna, Pfizer/BioNTech",Federal Office of Public Health,https://opendata.swiss/en/dataset/covid-19-schweiz?detGeo=CH,2022-03,2022
Syria,SYR,2022-03-23,3369196.0,2308843.0,1318742.0,,1371.0,18.44,12.63,7.22,75.0,"Johnson&Johnson, Oxford/AstraZeneca, Sinopharm/Beijing, Sinovac, Sputnik Light, Sputnik V",World Health Organization,https://covid19.who.int/,2022-03,2022
Taiwan,TWN,2022-03-29,49481298.0,19449353.0,18254357.0,52735.0,44798.0,207.43,81.53,76.52,1878.0,"Medigen, Moderna, Oxford/AstraZeneca, Pfizer/BioNTech",Taiwan Centers for Disease Control,https://www.cdc.gov.tw/Category/Page/9jFXNbCe-sFK9EImRRi2Og,2022-03,2022
Tajikistan,TJK,2022-03-13,10439469.0,5085230.0,4614268.0,113265.0,45428.0,107.08,52.16,47.33,4659.0,"Moderna, Oxford/AstraZeneca, Pfizer/BioNTech, Sinovac, Sputnik V",World Health Organization,https://covid19.who.int/,2022-03,2022
Tanzania,TZA,2022-03-23,5031070.0,3941772.0,3067877.0,,0.0,8.18,6.41,4.99,0.0,"Johnson&Johnson, Pfizer/BioNTech, Sinopharm/Beijing",World Health Organization,https://covid19.who.int/,2022-03,2022
Thailand,THA,2022-03-29,128882372.0,55362342.0,50159803.0,163600.0,186328.0,184.25,79.14,71.71,2664.0,"Moderna, Oxford/AstraZeneca, Pfizer/BioNTech, Sinopharm/Beijing, Sinovac",Government of Thailand,https://ddc.moph.go.th/covid19-dashboard/,2022-03,2022
Timor,TLS,2022-03-22,1297126.0,700055.0,578949.0,7881.0,1634.0,96.52,52.09,43.08,1216.0,"Oxford/AstraZeneca, Pfizer/BioNTech, Sinovac",World Health Organization,https://covid19.who.int/,2022-03,2022
Togo,TGO,2022-03-11,2757575.0,1558542.0,1557538.0,,3290.0,32.53,18.38,18.37,388.0,Oxford/AstraZeneca,World Health Organization,https://covid19.who.int/,2022-03,2022
Tokelau,TKL,2021-10-12,1936.0,968.0,968.0,,17.0,141.52,70.76,70.76,12427.0,Pfizer/BioNTech,SPC Public Health Division,https://stats.pacificdata.org/vis?tm=covid&pg=0&df[ds]=SPC2&df[id]=DF_COVID_VACCINATION&df[ag]=SPC&df[vs]=1.0,2021-10,2021
Tonga,TON,2022-02-28,147193.0,76910.0,70283.0,,319.0,137.87,72.04,65.83,2988.0,Oxford/AstraZeneca,SPC Public Health Division,https://stats.pacificdata.org/vis?tm=covid&pg=0&df[ds]=SPC2&df[id]=DF_COVID_VACCINATION&df[ag]=SPC&df[vs]=1.0,2022-02,2022
Trinidad and Tobago,TTO,2022-03-29,1543684.0,746106.0,708762.0,393.0,531.0,110.0,53.17,50.5,378.0,"Johnson&Johnson, Oxford/AstraZeneca, Pfizer/BioNTech, Sinopharm/Beijing",Ministry of Health,https://services3.arcgis.com/x3I4DqUw3b3MfTwQ/arcgis/rest/services/service_7a519502598f492a9094fd0ad503cf80/FeatureServer/0/query,2022-03,2022
Tunisia,TUN,2022-03-21,13037269.0,7171789.0,6345597.0,1662.0,1729.0,109.23,60.09,53.16,145.0,"Johnson&Johnson, Moderna, Oxford/AstraZeneca, Pfizer/BioNTech, Sinopharm/Beijing, Sinovac, Sputnik V",Ministry of Health,https://web.facebook.com/santetunisie.rns.tn/posts/339797681524034?__cft__[0]=AZUiZe_DZCgQaUfW53dSTtXxKD5Vmq3M4OkNzKUMnMjzyKYqwPgH6EV-do3PCuT4TqokRZFYjLLshZ87APo1I0dbZHgTHn-95N8CB7Crpo5q1AShf3f9AQYWATKZCptNluocUhFJ8tKk3Z4cIg3qRVhQ&__tn__=%2CO%2CP-R,2022-03,2022
Turkey,TUR,2022-03-29,146881913.0,57776278.0,52968985.0,58382.0,45724.0,172.72,67.94,62.29,538.0,"Pfizer/BioNTech, Sinovac, Turkovac",COVID-19 Vaccine Information Platform,https://covid19asi.saglik.gov.tr/,2022-03,2022
Turkmenistan,TKM,2021-09-05,7580976.0,4374694.0,3206282.0,,0.0,123.91,71.51,52.41,0.0,"EpiVacCorona, Oxford/AstraZeneca, QazVac, Sinopharm/Beijing, Sputnik V, ZF2001",World Health Organization,https://covid19.who.int/,2021-09,2021
Turks and Caicos Islands,TCA,2022-03-25,68670.0,31419.0,29400.0,,15.0,175.06,80.1,74.95,382.0,Pfizer/BioNTech,World Health Organization,https://covid19.who.int/,2022-03,2022
Tuvalu,TUV,2021-10-22,12114.0,6230.0,5884.0,,30.0,101.58,52.24,49.34,2516.0,Oxford/AstraZeneca,World Health Organization,https://covid19.who.int/,2021-10,2021
Uganda,UGA,2022-03-14,17197954.0,14131307.0,8014082.0,134275.0,31963.0,36.5,29.99,17.01,678.0,"Johnson&Johnson, Moderna, Oxford/AstraZeneca, Pfizer/BioNTech, Sinovac",World Health Organization,https://covid19.who.int/,2022-03,2022
Ukraine,UKR,2022-02-23,31683310.0,15729617.0,15221792.0,66271.0,52194.0,72.89,36.19,35.02,1201.0,"Johnson&Johnson, Moderna, Oxford/AstraZeneca, Pfizer/BioNTech, Sinovac",Ministry of Health,https://health-security.rnbo.gov.ua,2022-02,2022
United Arab Emirates,ARE,2022-03-29,24463702.0,9890318.0,9603499.0,18687.0,8442.0,244.86,98.99,96.12,845.0,"Oxford/AstraZeneca, Pfizer/BioNTech, Sinopharm/Beijing, Sinopharm/Wuhan, Sputnik V",National Emergency Crisis and Disaster Management Authority,https://fcsc.gov.ae/en-us/Pages/Covid19/UAE-Covid-19-Updates.aspx,2022-03,2022
United Kingdom,GBR,2022-03-28,140968337.0,52788065.0,49404026.0,30520.0,32275.0,206.68,77.39,72.43,473.0,"Moderna, Oxford/AstraZeneca, Pfizer/BioNTech",Government of the United Kingdom,https://coronavirus.data.gov.uk/details/vaccinations,2022-03,2022
United States,USA,2022-03-28,560181791.0,255362450.0,217498967.0,14715.0,115261.0,168.72,76.91,65.51,347.0,"Johnson&Johnson, Moderna, Pfizer/BioNTech",Centers for Disease Control and Prevention,https://data.cdc.gov/Vaccinations/COVID-19-Vaccination-Trends-in-the-United-States-N/rh2h-3yt2,2022-03,2022
Uruguay,URY,2022-03-29,8027751.0,2972777.0,2842482.0,10477.0,10097.0,230.34,85.3,81.56,2897.0,"Oxford/AstraZeneca, Pfizer/BioNTech, Sinovac",Ministry of Health via vacuna.uy,https://monitor.uruguaysevacuna.gub.uy/,2022-03,2022
Uzbekistan,UZB,2022-03-13,44177104.0,18633103.0,13852504.0,145313.0,87506.0,130.18,54.91,40.82,2579.0,"Moderna, Oxford/AstraZeneca, Pfizer/BioNTech, Sinovac, Sputnik Light, Sputnik V, ZF2001",World Health Organization,https://covid19.who.int/,2022-03,2022
Vanuatu,VUT,2022-02-28,199464.0,114284.0,85180.0,,1475.0,63.43,36.34,27.09,4691.0,Oxford/AstraZeneca,SPC Public Health Division,https://stats.pacificdata.org/vis?tm=covid&pg=0&df[ds]=SPC2&df[id]=DF_COVID_VACCINATION&df[ag]=SPC&df[vs]=1.0,2022-02,2022
Venezuela,VEN,2022-03-25,37860994.0,22157232.0,14287370.0,,0.0,131.9,77.19,49.77,0.0,"Abdala, Sinopharm/Beijing, Sinovac, Soberana02, Sputnik Light, Sputnik V",Pan American Health Organization,https://covid19.who.int/,2022-03,2022
Vietnam,VNM,2022-03-22,203144374.0,79947189.0,77754108.0,1115043.0,344931.0,206.93,81.44,79.2,3514.0,"Abdala, Moderna, Oxford/AstraZeneca, Pfizer/BioNTech, Sinopharm/Beijing, Sputnik V",World Health Organization,https://covid19.gov.vn/ngay-23-3-so-mac-moi-covid-19-giam-con-127883-ca-tuyen-quang-bo-sung-gan-13000-f0-171220323181603013.htm,2022-03,2022
Wales,OWID_WLS,2022-03-28,6927437.0,2528664.0,2399341.0,2254.0,1609.0,218.53,79.77,75.69,508.0,"Moderna, Oxford/AstraZeneca, Pfizer/BioNTech",Government of the United Kingdom,https://coronavirus.data.gov.uk/details/vaccinations,2022-03,2022
Wallis and Futuna,WLF,2022-03-28,13073.0,0.0,0.0,,19.0,117.84,58.44,58.2,1713.0,Moderna,SPC Public Health Division,https://stats.pacificdata.org/vis?tm=covid&pg=0&df[ds]=SPC2&df[id]=DF_COVID_VACCINATION&df[ag]=SPC&df[vs]=1.0,2022-03,2022
Yemen,YEM,2022-03-16,807502.0,643501.0,404781.0,,2271.0,2.65,2.11,1.33,74.0,"Johnson&Johnson, Oxford/AstraZeneca, Sinovac",World Health Organization,https://covid19.who.int/,2022-03,2022
Zambia,ZMB,2022-03-29,3402612.0,0.0,2182849.0,12073.0,13650.0,17.98,14.96,11.54,721.0,"Johnson&Johnson, Oxford/AstraZeneca, Sinopharm/Beijing",Government of Zambia,https://rtc-planning.maps.arcgis.com/apps/dashboards/3b3a01c1d8444932ba075fb44b119b63,2022-03,2022
Zimbabwe,ZWE,2022-03-29,9039729.0,5053114.0,3510256.0,105369.0,103751.0,59.9,33.48,23.26,6874.0,"Oxford/AstraZeneca, Sinopharm/Beijing, Sinovac, Sputnik V",Ministry of Health,https://www.arcgis.com/home/webmap/viewer.html?url=https://services9.arcgis.com/DnERH4rcjw7NU6lv/ArcGIS/rest/services/Vaccine_Distribution_Program/FeatureServer&source=sd,2022-03,2022
